"","baseMean","log2FoldChange","lfcSE","stat","pvalue","padj"
"ENSMUSG00000031442",4369.40692467523,0.479544737337017,0.0955032800092588,5.02123840448754,5.13393894674952e-07,0.0155080893764463
